{"stats":{"minecraft:picked_up":{"minecraft:leather":5,"minecraft:wheat_seeds":1,"minecraft:beef":5,"minecraft:dirt":7},"minecraft:used":{"minecraft:dirt":7},"minecraft:custom":{"minecraft:time_since_rest":2666,"minecraft:crouch_one_cm":356,"minecraft:sprint_one_cm":17571,"minecraft:play_time":9170,"minecraft:damage_taken":460,"minecraft:deaths":2,"minecraft:walk_one_cm":7927,"minecraft:sneak_time":178,"minecraft:mob_kills":2,"minecraft:drop":9,"minecraft:jump":277,"minecraft:damage_dealt":296,"minecraft:leave_game":2,"minecraft:walk_on_water_one_cm":1204,"minecraft:time_since_death":2638,"minecraft:total_world_time":9170,"minecraft:fall_one_cm":12458,"minecraft:fly_one_cm":45270},"minecraft:mined":{"minecraft:grass":3,"minecraft:grass_block":7},"minecraft:dropped":{"minecraft:leather":5,"minecraft:wheat_seeds":1,"minecraft:beef":5},"minecraft:killed":{"minecraft:zombie":1,"minecraft:cow":1}},"DataVersion":3465}