{"stats":{"minecraft:used":{"minecraft:dirt":6},"minecraft:custom":{"minecraft:jump":41,"minecraft:time_since_rest":1378,"minecraft:crouch_one_cm":572,"minecraft:leave_game":2,"minecraft:play_time":1378,"minecraft:sprint_one_cm":2703,"minecraft:time_since_death":1378,"minecraft:walk_one_cm":1367,"minecraft:sneak_time":107,"minecraft:total_world_time":1378,"minecraft:fall_one_cm":1312,"minecraft:fly_one_cm":6593},"minecraft:mined":{"minecraft:grass_block":3,"minecraft:dirt":3},"minecraft:picked_up":{"minecraft:dirt":6}},"DataVersion":3465}